"Designator","Value","Package","MidX","MidY","Rotation","Layer"
"C1","10uF","C0603",152.034000,-98.619000,-90.000000,top
"C2","10uF","C0603",160.392000,-98.619000,-90.000000,top
"C3","4.7uF","C0402",147.080000,-112.700000,180.000000,top
"C4","4.7uF","C0402",148.959200,-110.591600,180.000000,top
"C5","4.7uF","C0402",151.129600,-112.176800,-90.000000,top
"C6","10uF","C0603",147.507200,-101.896800,90.000000,top
"C7","0.1uF","C0402",151.528800,-110.579200,0.000000,top
"C8","0.1uF","C0402",149.145600,-101.775200,-90.000000,top
"C9","0.1uF","C0402",150.348800,-101.749600,-90.000000,top
"C10","0.1uF","C0402",153.456800,-110.566400,180.000000,top
"C11","0.1uF","C0402",152.332800,-112.194400,90.000000,top
"C12","0.1uF","C0402",137.408000,-114.007200,90.000000,top
"C13","0.1uF","C0402",136.970400,-105.971200,0.000000,top
"C14","0.1uF","C0402",140.917785,-102.581785,-45.000000,top
"C15","0.1uF","C0402",142.070000,-114.618000,90.000000,top
"C16","0.1uF","C0402",143.370000,-114.618000,90.000000,top
"C17","0.1uF","C0402",144.670000,-114.618000,90.000000,top
"C18","15pF","C0402",137.478000,-107.550000,90.000000,top
"C19","15pF","C0402",133.408000,-112.280000,180.000000,top
"C20","0.1uF","C0402",125.286400,-74.066400,180.000000,top
"C21","0.1uF","C0402",162.260000,-74.800000,-90.000000,top
"C22","0.1uF","C0402",169.640800,-118.169600,180.000000,top
"C23","0.1uF","C0402",117.565600,-118.182400,0.000000,top
"C24","0.1uF","C0402",143.370400,-95.769600,0.000000,top
"C25","0.1uF","C0402",140.710400,-97.039200,-90.000000,top
"C26","0.1uF","C0402",149.184000,-95.976800,90.000000,top
"C27","0.1uF","C0402",147.522400,-95.616000,180.000000,top
"C28","0.1uF","C0402",139.328000,-100.093600,-90.000000,top
"C29","0.1uF","C0402",135.872000,-98.199200,90.000000,top
"C30","0.1uF","C0402",130.580000,-108.330000,0.000000,top
"C31","0.1uF","C0402",127.010000,-105.860000,-90.000000,top
"C32","10uF","C0603",125.430000,-107.540000,90.000000,top
"D1","SS54_C22452","SMA_L4.4-W2.8-LS5.4-R-RD",130.448400,-78.826400,90.000000,top
"D2","SS54_C22452","SMA_L4.4-W2.8-LS5.4-R-RD",154.030000,-74.970000,0.000000,top
"D3","SS54_C22452","SMA_L4.4-W2.8-LS5.4-R-RD",169.128000,-115.686400,180.000000,top
"D4","SS54_C22452","SMA_L4.4-W2.8-LS5.4-R-RD",117.593600,-115.686400,0.000000,top
"J1","DEBUG_CONN_PAD","PinHeader_1x03_P2.54mm_Vertical",127.866000,-120.518000,180.000000,top
"J2","Mtype_Select","PinHeader_1x02_P2.54mm_Vertical",161.470000,-79.450000,0.000000,top
"J3","Mtype_Select","PinHeader_1x02_P2.54mm_Vertical",161.497600,-111.321600,180.000000,top
"J4","Mtype_Select","PinHeader_1x02_P2.54mm_Vertical",125.368400,-79.296400,0.000000,top
"J5","Mtype_Select","PinHeader_1x02_P2.54mm_Vertical",123.750400,-118.195200,0.000000,top
"J6","1N5819","PinHeader_1x02_P2.54mm_Vertical",157.308000,-86.676000,-90.000000,top
"J7","Power_Pad","PinHeader_1x02_P2.54mm_Vertical",154.780000,-82.880000,90.000000,top
"J8","GPIO[18-22]","PinHeader_1x05_P2.54mm_Vertical",131.445000,-120.523000,90.000000,top
"J9","GPIO[23,24,27,28,29]","PinHeader_1x03_P2.54mm_Vertical",145.161000,-120.523000,90.000000,top
"L2","AOTA-B201610S3R3-101-T","IND-SMD_L2.0-W1.6_AOTA-B201610S3R3-101-T",149.047200,-113.690400,-90.000000,top
"LED1","17-21SUYC/TR8","LED0805-R-RD",130.830000,-96.690000,0.000000,top
"LED2","17-21SUYC/TR8","LED0805-R-RD",130.848000,-99.114000,0.000000,top
"Motor1","motor","PinHeader_1x02_P2.54mm_Vertical",118.360800,-75.728000,90.000000,top
"Motor2","motor","PinHeader_1x02_P2.54mm_Vertical",168.360800,-75.728000,-90.000000,top
"Motor3","motor","PinHeader_1x02_P2.54mm_Vertical",169.601600,-120.742400,-90.000000,top
"Motor4","motor","PinHeader_1x02_P2.54mm_Vertical",117.120000,-120.742400,90.000000,top
"Q1","DMN2024UFDF-7","DFN2020MD-6_L2.0-W2.0-P0.65-BL",125.348400,-76.046400,-90.000000,top
"Q2","DMN2024UFDF-7","DFN2020MD-6_L2.0-W2.0-P0.65-BL",159.960000,-75.710000,-90.000000,top
"Q3","DMN2024UFDF-7","DFN2020MD-6_L2.0-W2.0-P0.65-BL",164.230800,-117.747200,0.000000,top
"Q4","DMN2024UFDF-7","DFN2020MD-6_L2.0-W2.0-P0.65-BL",122.719600,-115.029200,0.000000,top
"R1","5.1k","R0402",151.020000,-118.100000,180.000000,top
"R2","5.1k","R0402",151.020000,-116.900000,180.000000,top
"R3","33","R0402",147.070000,-113.900000,180.000000,top
"R4","27","R0402",159.000000,-112.760000,-90.000000,top
"R5","27","R0402",157.800000,-112.770000,90.000000,top
"R6","1k","R0402",131.920000,-90.960000,180.000000,top
"R8","1k","R0402",129.736000,-105.474000,0.000000,top
"R9","1k","R0402",133.124000,-100.980000,0.000000,top
"R10","1k","R0402",133.408000,-111.030000,180.000000,top
"R11","75","R0603",130.448400,-83.826400,0.000000,top
"R12","100k","R0402",127.918400,-76.686400,180.000000,top
"R13","75","R0603",160.730000,-85.310000,-90.000000,top
"R14","100k","R0402",157.630000,-77.080000,180.000000,top
"R15","75","R0603",158.707200,-108.062800,90.000000,top
"R16","100k","R0402",163.986000,-121.049600,0.000000,top
"R17","75","R0603",124.966400,-113.876400,90.000000,top
"R18","100k","R0402",125.240400,-116.032000,0.000000,top
"R19","4.7k","R0402",141.142400,-91.785600,180.000000,top
"R20","4.7k","R0402",141.127600,-93.107200,180.000000,top
"R21","100k","R0402",145.932800,-96.212400,90.000000,top
"R22","120","R0402",125.830000,-95.190000,0.000000,top
"R23","120","R0402",125.848000,-100.614000,0.000000,top
"R24","10k","R0402",130.630000,-109.560000,0.000000,top
"R25","10k","R0402",130.790000,-114.190000,0.000000,top
"R26","15k","R0402",127.010000,-112.970000,180.000000,top
"SW1","RUN_BTN","SW-SMD_L3.9-W3.0-P4.45",130.860800,-93.228000,180.000000,top
"SW2","BOOTSEL_BTN","SW-SMD_L3.9-W3.0-P4.45",130.860800,-103.228000,180.000000,top
"U1","RP2350A_C42411118","QFN-60_L7.0-W7.0-P0.40-TL-EP3.4",143.360800,-108.228000,-90.000000,top
"U2","AP7361C-33E-13","SOT-223_L6.5-W3.5-P2.30-LS7.0-BR",156.224000,-94.676000,-90.000000,top
"U3","W25Q128JVSIQTR","SOIC-8_L5.3-W5.3-P1.27-LS8.0-BL",152.854800,-107.231200,90.000000,top
"U4","ABM8-272-T3_C20625731","CRYSTAL-SMD_4P-L3.2-W2.5-BL",134.480000,-108.618000,180.000000,top
"U5","ICM-42688-P","LGA-14_L3.0-W2.5-P0.50-BL",143.360800,-98.228000,90.000000,top
"U6","DPS368XTSA1","LGA-8_L2.5-W2.0-P0.65-TR_DPS368",148.210800,-98.228000,-90.000000,top
"U7","BMM150","WLCSP-12_L1.6-W1.6_BMM150",137.510800,-98.228000,90.000000,top
"U9","AP22818BKWT-7","TSOT-23-5_L2.9-W1.6-P0.95-LS2.8-BL",127.970000,-108.650000,0.000000,top
"USB1","TYPE-C 16PIN 2MD","USB-C-SMD_TYPE-C-16PIN-2MD-073",157.880000,-117.410000,0.000000,top
